-- MySQL Script generated by MySQL Workbench
-- Mon May 29 21:49:21 2023
-- Model: New Model    Version: 1.0
-- MySQL Workbench Forward Engineering

SET @OLD_UNIQUE_CHECKS=@@UNIQUE_CHECKS, UNIQUE_CHECKS=0;
SET @OLD_FOREIGN_KEY_CHECKS=@@FOREIGN_KEY_CHECKS, FOREIGN_KEY_CHECKS=0;
SET @OLD_SQL_MODE=@@SQL_MODE, SQL_MODE='ONLY_FULL_GROUP_BY,STRICT_TRANS_TABLES,NO_ZERO_IN_DATE,NO_ZERO_DATE,ERROR_FOR_DIVISION_BY_ZERO,NO_ENGINE_SUBSTITUTION';

-- -----------------------------------------------------
-- Schema mydb
-- -----------------------------------------------------
-- -----------------------------------------------------
-- Schema DB_GamesVH
-- -----------------------------------------------------

-- -----------------------------------------------------
-- Schema DB_GamesVH
-- -----------------------------------------------------
CREATE SCHEMA IF NOT EXISTS `DB_GamesVH` ;
USE `DB_GamesVH` ;

-- -----------------------------------------------------
-- Table `DB_GamesVH`.`Accessories`
-- -----------------------------------------------------
CREATE TABLE IF NOT EXISTS `DB_GamesVH`.`Accessories` (
  `Id` INT NOT NULL AUTO_INCREMENT,
  `Name` VARCHAR(50) NOT NULL,
  `Poster` VARCHAR(50) NULL DEFAULT NULL,
  `Thumbnail` VARCHAR(255) NULL DEFAULT NULL,
  `Price` DOUBLE NOT NULL,
  `CreateDate` DATE NOT NULL,
  `Available` TINYINT(1) NOT NULL,
  `Supplier` VARCHAR(255) NOT NULL,
  `Qty` INT NOT NULL,
  `Details` VARCHAR(500) NOT NULL,
  PRIMARY KEY (`Id`));


-- -----------------------------------------------------
-- Table `DB_GamesVH`.`Accounts`
-- -----------------------------------------------------
CREATE TABLE IF NOT EXISTS `DB_GamesVH`.`Accounts` (
  `Username` VARCHAR(50) NOT NULL,
  `Password` VARCHAR(60) NOT NULL,
  `Fullname` VARCHAR(50) NOT NULL,
  `Email` VARCHAR(50) NOT NULL,
  `Address` VARCHAR(255) NOT NULL,
  `Photo` VARCHAR(50) NOT NULL,
  PRIMARY KEY (`Username`));


-- -----------------------------------------------------
-- Table `DB_GamesVH`.`Roles`
-- -----------------------------------------------------
CREATE TABLE IF NOT EXISTS `DB_GamesVH`.`Roles` (
  `Id` VARCHAR(10) NOT NULL,
  `Name` VARCHAR(50) NOT NULL,
  PRIMARY KEY (`Id`));


-- -----------------------------------------------------
-- Table `DB_GamesVH`.`Authorities`
-- -----------------------------------------------------
CREATE TABLE IF NOT EXISTS `DB_GamesVH`.`Authorities` (
  `Id` INT NOT NULL AUTO_INCREMENT,
  `Username` VARCHAR(50) NOT NULL,
  `RoleId` VARCHAR(10) NOT NULL,
  PRIMARY KEY (`Id`),
  INDEX `FK_UserRoles_Roles` (`RoleId` ASC) VISIBLE,
  INDEX `FK_UserRoles_Users` (`Username` ASC) VISIBLE,
  CONSTRAINT `FK_UserRoles_Roles`
    FOREIGN KEY (`RoleId`)
    REFERENCES `DB_GamesVH`.`Roles` (`Id`)
    ON DELETE CASCADE
    ON UPDATE CASCADE,
  CONSTRAINT `FK_UserRoles_Users`
    FOREIGN KEY (`Username`)
    REFERENCES `DB_GamesVH`.`Accounts` (`Username`)
    ON DELETE CASCADE
    ON UPDATE CASCADE);


-- -----------------------------------------------------
-- Table `DB_GamesVH`.`Blogs`
-- -----------------------------------------------------
CREATE TABLE IF NOT EXISTS `DB_GamesVH`.`Blogs` (
  `Id` INT NOT NULL AUTO_INCREMENT,
  `BlogTittle` VARCHAR(255) NOT NULL,
  `BlogBody` LONGTEXT NULL DEFAULT NULL,
  `Username` VARCHAR(50) NOT NULL,
  `HinhAnh` VARCHAR(50) NULL DEFAULT NULL,
  `ThoiGianBlog` DATE NULL DEFAULT NULL,
  PRIMARY KEY (`Id`),
  INDEX `FK_Accounts_Blog` (`Username` ASC) VISIBLE,
  CONSTRAINT `FK_Accounts_Blog`
    FOREIGN KEY (`Username`)
    REFERENCES `DB_GamesVH`.`Accounts` (`Username`));


-- -----------------------------------------------------
-- Table `DB_GamesVH`.`Categories`
-- -----------------------------------------------------
CREATE TABLE IF NOT EXISTS `DB_GamesVH`.`Categories` (
  `Id` CHAR(4) NOT NULL,
  `Name` VARCHAR(50) NOT NULL,
  PRIMARY KEY (`Id`));


-- -----------------------------------------------------
-- Table `DB_GamesVH`.`Comments`
-- -----------------------------------------------------
CREATE TABLE IF NOT EXISTS `DB_GamesVH`.`Comments` (
  `Id` INT NOT NULL AUTO_INCREMENT,
  `IdBlog` INT NOT NULL,
  `Username` VARCHAR(50) NOT NULL,
  `NoiDungCmt` VARCHAR(255) NULL DEFAULT NULL,
  `ThoiGianCmt` DATETIME NULL DEFAULT NULL,
  PRIMARY KEY (`Id`),
  INDEX `FK_Account_Comments` (`Username` ASC) VISIBLE,
  INDEX `FK_Comment_Blogss` (`IdBlog` ASC) VISIBLE,
  CONSTRAINT `FK_Account_Comments`
    FOREIGN KEY (`Username`)
    REFERENCES `DB_GamesVH`.`Accounts` (`Username`),
  CONSTRAINT `FK_Comment_Blogss`
    FOREIGN KEY (`IdBlog`)
    REFERENCES `DB_GamesVH`.`Blogs` (`Id`));


-- -----------------------------------------------------
-- Table `DB_GamesVH`.`Coupons`
-- -----------------------------------------------------
CREATE TABLE IF NOT EXISTS `DB_GamesVH`.`Coupons` (
  `Code` VARCHAR(10) NOT NULL,
  `Type` VARCHAR(10) NOT NULL,
  `Amount` INT NOT NULL,
  `Value` DOUBLE NOT NULL,
  `Exp_date` DATETIME NULL DEFAULT NULL,
  `isActive` TINYINT(1) NOT NULL,
  PRIMARY KEY (`Code`));


-- -----------------------------------------------------
-- Table `DB_GamesVH`.`Coupon_owners`
-- -----------------------------------------------------
CREATE TABLE IF NOT EXISTS `DB_GamesVH`.`Coupon_owners` (
  `Id` BIGINT NOT NULL,
  `Customer_id` VARCHAR(50) NULL DEFAULT NULL,
  `Coupon_code` VARCHAR(10) NOT NULL,
  `isUsed` TINYINT(1) NOT NULL,
  PRIMARY KEY (`Id`),
  INDEX (`Coupon_code` ASC) VISIBLE,
  INDEX (`Customer_id` ASC) VISIBLE,
  CONSTRAINT `FK_Coupon_owners_Coupons`
    FOREIGN KEY (`Coupon_code`)
    REFERENCES `DB_GamesVH`.`Coupons` (`Code`),
  CONSTRAINT `FK_Coupon_owners_Accounts`
    FOREIGN KEY (`Customer_id`)
    REFERENCES `DB_GamesVH`.`Accounts` (`Username`));


-- -----------------------------------------------------
-- Table `DB_GamesVH`.`Products`
-- -----------------------------------------------------
CREATE TABLE IF NOT EXISTS `DB_GamesVH`.`Products` (
  `Id` INT NOT NULL AUTO_INCREMENT,
  `Name` VARCHAR(50) NOT NULL,
  `Poster` VARCHAR(50) NOT NULL,
  `Thumbnail` VARCHAR(255) NOT NULL,
  `Price` DOUBLE NOT NULL,
  `CreateDate` DATE NOT NULL,
  `Available` TINYINT(1) NOT NULL,
  `Source` VARCHAR(255) NOT NULL,
  `Link` VARCHAR(500) NOT NULL,
  `Details` VARCHAR(500) NOT NULL,
  `CategoryId` CHAR(4) NOT NULL,
  PRIMARY KEY (`Id`),
  CONSTRAINT `FK3ess0s7i9qs6sim1pf9kxhkpq`
    FOREIGN KEY (`CategoryId`)
    REFERENCES `DB_GamesVH`.`Categories` (`Id`)
    ON DELETE CASCADE);


-- -----------------------------------------------------
-- Table `DB_GamesVH`.`Orders`
-- -----------------------------------------------------
CREATE TABLE IF NOT EXISTS `DB_GamesVH`.`Orders` (
  `Id` BIGINT NOT NULL AUTO_INCREMENT,
  `Username` VARCHAR(50) NOT NULL,
  `CreateDate` DATE NOT NULL,
  `Address` VARCHAR(100) NOT NULL,
  `Email` VARCHAR(50) NOT NULL,
  `Phone` VARCHAR(10) NOT NULL,
  `Status` VARCHAR(100) NOT NULL,
  PRIMARY KEY (`Id`),
  INDEX `FK_Orders_Customers` (`Username` ASC) VISIBLE,
  CONSTRAINT `FK_Orders_Customers`
    FOREIGN KEY (`Username`)
    REFERENCES `DB_GamesVH`.`Accounts` (`Username`)
    ON DELETE CASCADE
    ON UPDATE CASCADE);


-- -----------------------------------------------------
-- Table `DB_GamesVH`.`OrderDetails`
-- -----------------------------------------------------
CREATE TABLE IF NOT EXISTS `DB_GamesVH`.`OrderDetails` (
  `Id` BIGINT NOT NULL AUTO_INCREMENT,
  `OrderId` BIGINT NOT NULL,
  `ProductId` INT NULL DEFAULT NULL,
  `Price` DOUBLE NOT NULL,
  `AccessoryId` INT NULL DEFAULT NULL,
  PRIMARY KEY (`Id`),
  CONSTRAINT `FK_OrderDetails_Orders`
    FOREIGN KEY (`OrderId`)
    REFERENCES `DB_GamesVH`.`Orders` (`Id`),
  CONSTRAINT `FK_OrderDetails_Products`
    FOREIGN KEY (`ProductId`)
    REFERENCES `DB_GamesVH`.`Products` (`Id`),
  CONSTRAINT `FK_OrderDetails_Accessories`
    FOREIGN KEY (`AccessoryId`)
    REFERENCES `DB_GamesVH`.`Accessories` (`Id`));


SET SQL_MODE=@OLD_SQL_MODE;
SET FOREIGN_KEY_CHECKS=@OLD_FOREIGN_KEY_CHECKS;
SET UNIQUE_CHECKS=@OLD_UNIQUE_CHECKS;


-- Data
-- Data Accounts
INSERT INTO `Accounts` (`Username`, `Password`, `Fullname`, `Email`, `Address`, `Photo`)
VALUES ('cust', '$2a$10$REel/nhIn4pF8JssL84rcu1m82mRO71eIwPcGA7GX17OAHuRfdsRq', 'Người dùng', 'cust@gmail.com', '12 Nguyễn Du, Quận 1, TP. HCM', 'user.png');

INSERT INTO `Accounts` (`Username`, `Password`, `Fullname`, `Email`, `Address`, `Photo`)
VALUES ('dangkimchi', '$2a$10$REel/nhIn4pF8JssL84rcu1m82mRO71eIwPcGA7GX17OAHuRfdsRq', 'Đặng Kim Chi', 'dangkimchi@gmail.com', '45 Nguyễn Thị Minh Khai, Quận 1, TP. HCM', 'user.png');

INSERT INTO `Accounts` (`Username`, `Password`, `Fullname`, `Email`, `Address`, `Photo`)
VALUES ('dire', '$2a$10$REel/nhIn4pF8JssL84rcu1m82mRO71eIwPcGA7GX17OAHuRfdsRq', 'Quản Lý', 'dire@gmail.com', '12 Nguyễn Du, Quận 1, TP. HCM', 'user.png');

INSERT INTO `Accounts` (`Username`, `Password`, `Fullname`, `Email`, `Address`, `Photo`)
VALUES ('hoangtunglam', '$2a$10$REel/nhIn4pF8JssL84rcu1m82mRO71eIwPcGA7GX17OAHuRfdsRq', 'Hoàng Tùng Lâm', 'hoangtunglam@gmail.com', '12 Nguyễn Du, Quận 1, TP. HCM', 'user.png');

INSERT INTO `Accounts` (`Username`, `Password`, `Fullname`, `Email`, `Address`, `Photo`)
VALUES ('lethithuy', '$2a$10$REel/nhIn4pF8JssL84rcu1m82mRO71eIwPcGA7GX17OAHuRfdsRq', 'Lê Thị Thúy', 'lethithuy@gmail.com', '12 Nguyễn Du, Quận 1, TP. HCM', 'user.png');

INSERT INTO `Accounts` (`Username`, `Password`, `Fullname`, `Email`, `Address`, `Photo`)
VALUES ('lethuhien', '$2a$10$REel/nhIn4pF8JssL84rcu1m82mRO71eIwPcGA7GX17OAHuRfdsRq', 'Lê Thùy Hiền', 'lethuhien@gmail.com', '22 Bà Huyện Thanh Quan, Quận 1, TP. HCM', 'user.png');

INSERT INTO `Accounts` (`Username`, `Password`, `Fullname`, `Email`, `Address`, `Photo`)
VALUES ('nguyenvana', '$2a$10$REel/nhIn4pF8JssL84rcu1m82mRO71eIwPcGA7GX17OAHuRfdsRq', 'Nguyễn Văn A', 'nguyenvana@gmail.com', '12 Nguyễn Du, Quận 1, TP. HCM', 'user.png');

INSERT INTO `Accounts` (`Username`, `Password`, `Fullname`, `Email`, `Address`, `Photo`)
VALUES ('nguyenvanbao', '$2a$10$REel/nhIn4pF8JssL84rcu1m82mRO71eIwPcGA7GX17OAHuRfdsRq', 'Nguyễn Văn Bảo', 'nguyenvanbao@gmail.com', '102 Lý Tự Trọng, Quận 1, TP. HCM', 'user.png');

INSERT INTO `Accounts` (`Username`, `Password`, `Fullname`, `Email`, `Address`, `Photo`)
VALUES ('nguyenhongnhan', '$2a$10$REel/nhIn4pF8JssL84rcu1m82mRO71eIwPcGA7GX17OAHuRfdsRq', 'Nguyễn Hồng Nhân', 'nguyenhongnhan@gmail.com', '12 Nguyễn Du, Quận 1, TP. HCM', 'user.png');

INSERT INTO `Accounts` (`Username`, `Password`, `Fullname`, `Email`, `Address`, `Photo`)
VALUES ('phamthuc', '$2a$10$REel/nhIn4pF8JssL84rcu1m82mRO71eIwPcGA7GX17OAHuRfdsRq', 'Phạm Thục', 'phamthuc@gmail.com', '78 Cách Mạng Tháng 8, Quận 3, TP. HCM', 'user.png');

INSERT INTO `Accounts` (`Username`, `Password`, `Fullname`, `Email`, `Address`, `Photo`)
VALUES ('staf', '$2a$10$REel/nhIn4pF8JssL84rcu1m82mRO71eIwPcGA7GX17OAHuRfdsRq', 'Nhân Viên', 'sta@gmail.com', '12 Nguyễn Du, Quận 1, TP. HCM', 'user.png');

INSERT INTO `Accounts` (`Username`, `Password`, `Fullname`, `Email`, `Address`, `Photo`)
VALUES ('tranthanhthao', '$2a$10$REel/nhIn4pF8JssL84rcu1m82mRO71eIwPcGA7GX17OAHuRfdsRq', 'Trần Thanh Thảo', 'tranthanhthao@gmail.com', '78 Cách Mạng Tháng 8, Quận 3, TP. HCM', 'user.png');

INSERT INTO `Accounts` (`Username`, `Password`, `Fullname`, `Email`, `Address`, `Photo`)
VALUES ('tranvanb', '$2a$10$REel/nhIn4pF8JssL84rcu1m82mRO71eIwPcGA7GX17OAHuRfdsRq', 'Trần Văn B', 'tranvanb@gmail.com', '99 Lê Lợi, Quận 5, TP. HCM', 'user.png');

-- Data
-- Data Authorities
INSERT INTO `Authorities` (`Id`, `Username`, `RoleId`) VALUES (1, 'nguyenvana', 'CUST');
INSERT INTO `Authorities` (`Id`, `Username`, `RoleId`) VALUES (2, 'tranvanb', 'CUST');
INSERT INTO `Authorities` (`Id`, `Username`, `RoleId`) VALUES (3, 'phamthuc', 'CUST');
INSERT INTO `Authorities` (`Id`, `Username`, `RoleId`) VALUES (4, 'lethuhien', 'CUST');
INSERT INTO `Authorities` (`Id`, `Username`, `RoleId`) VALUES (5, 'dangkimchi', 'CUST');
INSERT INTO `Authorities` (`Id`, `Username`, `RoleId`) VALUES (6, 'nguyenhongnhan', 'DIRE');
INSERT INTO `Authorities` (`Id`, `Username`, `RoleId`) VALUES (7, 'lethithuy', 'STAF');
INSERT INTO `Authorities` (`Id`, `Username`, `RoleId`) VALUES (8, 'tranthanhthao', 'STAF');
INSERT INTO `Authorities` (`Id`, `Username`, `RoleId`) VALUES (9, 'nguyenvanbao', 'CUST');
INSERT INTO `Authorities` (`Id`, `Username`, `RoleId`) VALUES (10, 'hoangtunglam', 'CUST');
INSERT INTO `Authorities` (`Id`, `Username`, `RoleId`) VALUES (11, 'dire', 'DIRE');
INSERT INTO `Authorities` (`Id`, `Username`, `RoleId`) VALUES (12, 'cust', 'CUST');
INSERT INTO `Authorities` (`Id`, `Username`, `RoleId`) VALUES (13, 'staf', 'STAF');

-- Data
-- Data Blogs
INSERT INTO `Blogs` (`Id`, `BlogTittle`, `BlogBody`, `Username`, `HinhAnh`, `ThoiGianBlog`) 
VALUES (4, N'FIFA 22 Bản update mới', 'Trên phiên bản PS5 mà người viết trải nghiệm, FIFA 22 bất ngờ khởi đầu với một đoạn phim ngắn (intro cinematic) kèm theo hướng dẫn cho người chơi tự điều khiển rất thú vị. Bạn sẽ bắt gặp nhiều huyền thoại như David Beckham hay Thierry Henry trong đoạn phim này. Ngoài thông điệp thể hiện ngôi sao Mbappe cùng câu lạc bộ PSG sẽ là những gương mặt đại diện mới, EA cũng gửi gắm ý đồ hướng người chơi tham gia vào các chế độ khác nhiều hơn qua việc khởi tạo một cầu thủ “Avatar cá nhân” ngay trước khi bắt đầu game. Thật vậy, bạn sẽ dễ dàng nạp Avatar này vào các chế độ quen thuộc như Volta, Pro Clubs hay Career Player vốn đã được làm mới hệ thống thăng cấp và điểm kinh nghiệm cho nhân vật gần giống như là một tựa game nhập vai thuần túy.', 'lethithuy', 'FF22.png', '2022-01-27');

INSERT INTO `Blogs` (`Id`, `BlogTittle`, `BlogBody`, `Username`, `HinhAnh`, `ThoiGianBlog`) 
VALUES (7, N'Minecraft Nâng cấp bản đồ', 'ản dựng Preview của Minecraft trước đó có sẵn cho người dùng Xbox Insiders đã vô tình tích hợp cả mã nguyên mẫu có hỗ trợ raytracing trên bảng điều khiển Xbox. Mã nguyên mẫu ban đầu này đã bị xóa khỏi phiên bản Preview và không có dấu hiệu cho kế hoạch hỗ trợ raytracing cho máy chơi game Xbox trong tương lai gần.”, theo bài viết trên Twitter của Minecraft. Vào đầu tuần này, một biên tập viên của The Verge đã đăng tải một bài viết nói rằng phiên bản Preview mới nhất của Minecraft đã bổ sung các tùy chọn raytracing.', 'lethithuy', 'MC.jpg', '2023-01-27');

INSERT INTO `Blogs` (`Id`, `BlogTittle`, `BlogBody`, `Username`, `HinhAnh`, `ThoiGianBlog`) 
VALUES (8, N'Genshin Impact: Xuất hiện HERO mới', 'Dù là một tựa game vô cùng nổi tiếng với quy mô toàn thế giới nhưng phong cách quảng cáo của miHoYo dành cho tựa game này là không hề giống ai cả. Đối với nhiều game thủ thì nguyên do khiến cho họ biết đến Genshin Impact là do danh tiếng quá lớn và sức ảnh hưởng của tựa game này đến cộng đồng game thủ toàn thế giới. Tuy nhiên liệu bạn có biết được rằng cũng có nhiều game thủ đến với trò chơi này thông qua những quảng cáo "chẳng giống ai" được chính miHoYo đăng tải lên Youtube hay không?', 'lethithuy', 'GI.jpg', '2022-01-27');

INSERT INTO `Blogs` (`Id`, `BlogTittle`, `BlogBody`, `Username`, `HinhAnh`, `ThoiGianBlog`) 
VALUES (9, N'Dota 2 Nâng cấp giao diện', 'Bản cập nhật hôm nay thổi một làn gió mùa mới cho Dota Plus và nhân cơ hội hé lộ nhiều hơn nữa. Tìm hiểu chi tiết về phong độ bản thân trong tất cả trận đấu thuộc mùa giải trước cùng Báo cáo trận đấu, khám phá hàng loạt chế độ chơi khác nhau với Tiêu điểm cuối tuần, và khoe vật phẩm Immortal theo cách riêng với nhiều hiệu ứng phép được mở khóa. Kho báu mới, những tính năng mới lẫn cải tiến, và hơn thế — tất cả quy tụ trong bản cập nhật lối chơi 7.31d, chào mừng sự góp mặt của Marci trong Captains Mode', 'lethithuy', 'DOTA.jpg', '2023-01-27');

-- Data
-- Data Categories
INSERT INTO `Categories` (`Id`, `Name`) VALUES ('CT', 'Chiến Thuật');
INSERT INTO `Categories` (`Id`, `Name`) VALUES ('FPS', 'FPS');
INSERT INTO `Categories` (`Id`, `Name`) VALUES ('HD', 'Hành Động');
INSERT INTO `Categories` (`Id`, `Name`) VALUES ('KD', 'Kinh Dị');
INSERT INTO `Categories` (`Id`, `Name`) VALUES ('LT', 'Lập Trình');
INSERT INTO `Categories` (`Id`, `Name`) VALUES ('MMO', 'MMO');
INSERT INTO `Categories` (`Id`, `Name`) VALUES ('MOBA', 'Moba');
INSERT INTO `Categories` (`Id`, `Name`) VALUES ('MP', 'Mô Phỏng');
INSERT INTO `Categories` (`Id`, `Name`) VALUES ('NV', 'Nhập Vai');
INSERT INTO `Categories` (`Id`, `Name`) VALUES ('PL', 'Phiêu Lưu');
INSERT INTO `Categories` (`Id`, `Name`) VALUES ('TT', 'Thể Thao');

-- Data
-- Data Comments
INSERT INTO `Comments` (`Id`, `IdBlog`, `Username`, `NoiDungCmt`, `ThoiGianCmt`) VALUES (1, 4, 'phamthuc', 'Game tốt', '2023-02-02 00:00:00');
INSERT INTO `Comments` (`Id`, `IdBlog`, `Username`, `NoiDungCmt`, `ThoiGianCmt`) VALUES (2, 4, 'nguyenvanbao', 'Giật lagggg game tệ', '2023-02-02 00:00:00');
INSERT INTO `Comments` (`Id`, `IdBlog`, `Username`, `NoiDungCmt`, `ThoiGianCmt`) VALUES (3, 4, 'dangkimchi', 'bản cập nhật tốt', '2023-02-02 00:00:00');
INSERT INTO `Comments` (`Id`, `IdBlog`, `Username`, `NoiDungCmt`, `ThoiGianCmt`) VALUES (4, 4, 'hoangtunglam', 'Sân cỏ xấu quá, lỗi chuyển động không mượt', '2023-02-02 00:00:00');
INSERT INTO `Comments` (`Id`, `IdBlog`, `Username`, `NoiDungCmt`, `ThoiGianCmt`) VALUES (7, 4, 'hoangtunglam', 'Năm nay không biết nó fix cái dynamic potential nửa vời của career mode và phòng thủ siêu ngu chưa', '2023-02-02 00:00:00');
INSERT INTO `Comments` (`Id`, `IdBlog`, `Username`, `NoiDungCmt`, `ThoiGianCmt`) VALUES (9, 4, 'nguyenhongnhan', 'Mình thì chẳng cần gì mới nhiều cả, chỉ cần trong cái manager career nó fix lại cái dynamic potential, để tránh việc mấy cầu thủ trẻ đôn lên đội 1 cuối mùa này thì mùa sau chưa gì đã rớt 5-7 điểm POT vô lí.', '2023-02-02 00:00:00');
-- Data
-- Data Products
INSERT INTO `Products` (`Id`, `Name`, `Poster`, `Thumbnail`, `Price`, `CreateDate`, `Available`, `Source`, `Link`, `Details`, `CategoryId`) 
VALUES (1, 'Assassin Creed Valhalla', 'Valhalla.jpg', 'Valhalla-thumb.jpg-*-Valhalla-thumb2.jpg-*-Valhalla-thumb3.jpg', 200000, '2021-01-10', 1, 'Ubisoft', 'https://uploadhaven.com/download/21e3c5f14bc4f127992c6cc914ba6756', 'Assassin Creed Valhalla là phiên bản mới nhất của dòng game hành động nhập vai lịch sử nổi tiếng Assassin Creed. Trong game, người chơi sẽ hóa thân thành Eivor, một vị vua hoặc nữ hoàng của người Viking, và tham gia vào cuộc chiến giữa người Viking và quân đội của người Anh vào thế kỷ thứ 9.', 'HD');

INSERT INTO `Products` (`Id`, `Name`, `Poster`, `Thumbnail`, `Price`, `CreateDate`, `Available`, `Source`, `Link`, `Details`, `CategoryId`) 
VALUES (2, 'Grand Theft Auto V', 'GTA.jpg', 'GTA-thumb.jpg-*-GTA-thumb2.jpg-*-GTA-thumb3.jpg', 114000, '2021-02-15', 1, 'Rockstar Games', 'http://phanmemnet.com/download-gta-5-viet-hoa-full-link-google-drive-grand-theft-auto-v1-50/', 'Grand Theft Auto V là phiên bản thứ 5 trong loạt game Grand Theft Auto. Trong game, người chơi sẽ được đưa đến thành phố hư cấu Los Santos và có thể tham gia vào các nhiệm vụ để kiếm tiền và trở thành tay mafia lừng danh.', 'HD');

INSERT INTO `Products` (`Id`, `Name`, `Poster`, `Thumbnail`, `Price`, `CreateDate`, `Available`, `Source`, `Link`, `Details`, `CategoryId`) 
VALUES (3, 'Resident Evil Village', 'REV.jpg', 'REV-thumb.jpg-*-REV-thumb2.jpg-*-REV-thumb3.png', 150000, '2021-04-23', 1, 'Capcom', 'https://khiphach.info/tai-resident-evil-village-full/', 'Resident Evil Village là phiên bản mới nhất trong loạt game kinh dị Resident Evil. Trong game, người chơi sẽ hóa thân thành Ethan Winters, nhân vật chính của phần 7, và tham gia vào cuộc chiến với những sinh vật kinh dị để cứu người vợ của mình.', 'KD');

INSERT INTO `Products` (`Id`, `Name`, `Poster`, `Thumbnail`, `Price`, `CreateDate`, `Available`, `Source`, `Link`, `Details`, `CategoryId`) 
VALUES (4, 'FIFA 22', 'FF22.png', 'FF22-thumb.png-*-FF22-thumb2.png-*-FF22-thumb3.png', 432000, '2021-09-27', 1, 'Electronic Arts', 'https://dtvc.edu.vn/cach-choi-fifa-22-mien-phi-phien-ban-moi-nhat-tren-steam-how-to-play-fifa-22-for-free-on-pc/', 'FIFA 22 là phiên bản mới nhất của loạt game bóng đá FIFA. Trong game, người chơi sẽ được trải nghiệm các giải đấu bóng đá hàng đầu thế giới và cạnh tranh với các đội bóng khác để giành chiến thắng.', 'TT');

INSERT INTO `Products` (`Id`, `Name`, `Poster`, `Thumbnail`, `Price`, `CreateDate`, `Available`, `Source`, `Link`, `Details`, `CategoryId`) 
VALUES (5, 'The Witcher 3: Wild Hunt', 'WC3.jpg', 'WC3-thumb.jpeg-*-WC3-thumb2.jpg-*-WC3-thumb3.jpg', 70000, '2021-03-01', 1, 'Steam', 'https://uploadhaven.com/download/f26c63c29101c0571e8b945dd01babdc', 'The Witcher 3: Wild Hunt là một trò chơi nhập vai thế giới mở dựa trên câu chuyện, được thiết lập trong một vũ trụ huyền bí đầy hấp dẫn về lựa chọn có ý nghĩa và hậu quả tác động. Trong The Witcher, bạn vào vai Geralt of Rivia, một thợ săn quái vật chuyên nghiệp được giao nhiệm vụ tìm kiếm một đứa trẻ của tiên tri trong một thế giới mở rộng lớn với những thành phố thương gia, các hòn đảo cướp biển, những đường đèo núi nguy hiểm và những hang động bị lãng quên để khám phá.', 'NV');

INSERT INTO `Products` (`Id`, `Name`, `Poster`, `Thumbnail`, `Price`, `CreateDate`, `Available`, `Source`, `Link`, `Details`, `CategoryId`) 
VALUES (6, 'Minecraft', 'MC.jpg', 'MC-thumb.jpg-*-MC-thumb2.jpg-*-MC-thumb3.jpg', 299000, '2022-02-15', 1, 'Mojang', 'https://minefc.com/tai-game/', 'Game sinh tồn thế giới mở.', 'MP');

INSERT INTO `Products` (`Id`, `Name`, `Poster`, `Thumbnail`, `Price`, `CreateDate`, `Available`, `Source`, `Link`, `Details`, `CategoryId`) 
VALUES (7, 'Genshin Impact', 'GI.jpg', 'GI-thumb.jpg-*-GI-thumb2.jpg-*-GI-thumb3.jpg', 200000, '2022-02-12', 1, 'Mihoyo', 'https://genshin.hoyoverse.com/pc-launcher/?utm_source=SEA_google_NZMY_SEM_brand_1022&mhy_trace_channel=ga_channel&new=1&gclid=CjwKCAjw5pShBhB_EiwAvmnNV6GJFce63Vpo1M5LlCEgCJqASjGBBLeVsTKAdQG3NUDasg-bd3KKhhoC3FYQAvD_BwE#/', 'Game nhập vai phiêu lưu thế giới mở đầy hấp dẫn.', 'PL');

INSERT INTO `Products` (`Id`, `Name`, `Poster`, `Thumbnail`, `Price`, `CreateDate`, `Available`, `Source`, `Link`, `Details`, `CategoryId`) 
VALUES (8, 'Among Us', 'AU.jpg', 'AU-thumb.jpg-*-AU-thumb2.jpg-*-AU-thumb3.jpg', 59900, '2022-02-08', 1, 'InnerSloth', 'https://www.memuplay.com/vi/how-to-play-Among-Us-on-pc.html', 'Game trinh thám nhiệm vụ thực hiện trong tàu vũ trụ.', 'CT');

INSERT INTO `Products` (`Id`, `Name`, `Poster`, `Thumbnail`, `Price`, `CreateDate`, `Available`, `Source`, `Link`, `Details`, `CategoryId`) 
VALUES (9, 'League of Legends', 'LOL.jpg', 'LOL-thumb.jpg-*-LOL-thumb2.png-*-LOL-thumb3.webp', 50000, '2022-02-06', 1, 'Riot Games', 'https://lienminh.vnggames.com/dang-ky/redownload/', 'Game chiến đấu 5v5 eSports phong cách MOBA.', 'MOBA');

INSERT INTO `Products` (`Id`, `Name`, `Poster`, `Thumbnail`, `Price`, `CreateDate`, `Available`, `Source`, `Link`, `Details`, `CategoryId`) 
VALUES (10, 'Diablo III', 'DIABLO.jpg', 'DB-thumb.jpg-*-DB-thumb2.jpg-*-Db-thumb3.jpg', 199000, '2022-02-03', 1, 'Blizzard Entertainment', 'https://technetvietnam.net/download-diablo-3/', 'Game nhập vai hành động phiêu lưu.', 'NV');

INSERT INTO `Products` (`Id`, `Name`, `Poster`, `Thumbnail`, `Price`, `CreateDate`, `Available`, `Source`, `Link`, `Details`, `CategoryId`) 
VALUES (11, 'Counter Strike: Global Offensive', 'CSGO.jpg', 'CSGO-thumb.png-*-CSGO-thumb2.webp-*-CSGO-thumb3.webp', 300000, '2022-01-29', 1, 'Valve Corporation', 'https://hadoantv.com/counter-strike-global-offensive-online/', 'Game bắn súng trực tuyến FPS.', 'FPS');

INSERT INTO `Products` (`Id`, `Name`, `Poster`, `Thumbnail`, `Price`, `CreateDate`, `Available`, `Source`, `Link`, `Details`, `CategoryId`) 
VALUES (12, 'Dota 2', 'DOTA.jpg', 'DOTA-thumb.jpg-*-DOTA-thumb2.jpg-*-DOTA-thumb3.jpg', 150000, '2022-01-27', 1, 'Valve Corporation', 'https://dota-2.en.softonic.com/download', 'Game chiến đấu eSports phong cách MOBA.', 'MOBA');

-- Data
-- Data Orders
INSERT INTO `Orders` (`Id`, `Username`, `CreateDate`, `Address`, `Email`, `Phone`, `Status`) VALUES (1, 'nguyenvana', '2022-02-01', '12 Nguyễn Du, Quận 1, TP. HCM', 'nguyenvana@gmail.com', '0123456789', 'Đã hoàn thành');
INSERT INTO `Orders` (`Id`, `Username`, `CreateDate`, `Address`, `Email`, `Phone`, `Status`) VALUES (2, 'tranvanb', '2022-02-03', '99 Lê Lợi, Quận 5, TP. HCM', 'tranvanb@gmail.com', '0123456789', 'Đã hoàn thành');
INSERT INTO `Orders` (`Id`, `Username`, `CreateDate`, `Address`, `Email`, `Phone`, `Status`) VALUES (3, 'phamthuc', '2022-02-04', '78 Cách Mạng Tháng 8, Quận 3, TP. HCM', 'phamthuc@gmail.com', '0123456789', 'Đã hoàn thành');
INSERT INTO `Orders` (`Id`, `Username`, `CreateDate`, `Address`, `Email`, `Phone`, `Status`) VALUES (4, 'lethuhien', '2022-02-05', '22 Bà Huyện Thanh Quan, Quận 1, TP. HCM', 'lethuhien@gmail.com', '0123456789', 'Chờ xử lý');
INSERT INTO `Orders` (`Id`, `Username`, `CreateDate`, `Address`, `Email`, `Phone`, `Status`) VALUES (5, 'dangkimchi', '2022-02-06', '45 Nguyễn Thị Minh Khai, Quận 1, TP. HCM', 'dangkimchi@gmail.com', '0123456789', 'Đã hoàn thành');
INSERT INTO `Orders` (`Id`, `Username`, `CreateDate`, `Address`, `Email`, `Phone`, `Status`) VALUES (6, 'nguyenvanbao', '2022-02-08', '31 Lê Duẩn, Quận 1, TP. HCM', 'nguyenvanbao@gmail.com', '0123456789', 'Đã hoàn thành');
INSERT INTO `Orders` (`Id`, `Username`, `CreateDate`, `Address`, `Email`, `Phone`, `Status`) VALUES (7, 'nguyenvana', '2022-02-10', '72 Trần Hưng Đạo, Quận 1, TP. HCM', 'nguyenvana@gmail.com', '0123456789', 'Chờ xử lý');
INSERT INTO `Orders` (`Id`, `Username`, `CreateDate`, `Address`, `Email`, `Phone`, `Status`) VALUES (8, 'nguyenvana', '2022-02-12', '14 Tôn Thất Đạm, Quận 1, TP. HCM', 'nguyenvana@gmail.com', '0123456789', 'Đã hoàn thành');
INSERT INTO `Orders` (`Id`, `Username`, `CreateDate`, `Address`, `Email`, `Phone`, `Status`) VALUES (9, 'nguyenvanbao', '2022-02-13', '102 Lý Tự Trọng, Quận 1, TP. HCM', 'nguyenvanbao@gmail.com', '0123456789', 'Đã hoàn thành');
INSERT INTO `Orders` (`Id`, `Username`, `CreateDate`, `Address`, `Email`, `Phone`, `Status`) VALUES (10, 'lethuhien', '2022-02-15', '63 Phan Đình Phùng, Quận Phú Nhuận, TP. HCM', 'lethuhien@gmail.com', '0123456789', 'Đã hoàn thành');
INSERT INTO `Orders` (`Id`, `Username`, `CreateDate`, `Address`, `Email`, `Phone`, `Status`) VALUES (11, 'phamthuc', '2022-02-17', '8 Nguyễn Trãi, Quận 5, TP. HCM', 'phamthuc@gmail.com', '0123456789', 'Chờ xử lý');
INSERT INTO `Orders` (`Id`, `Username`, `CreateDate`, `Address`, `Email`, `Phone`, `Status`) VALUES (12, 'lethuhien', '2022-02-18', '59 Cao Thắng, Quận 10, TP. HCM', 'lethuhien@gmail.com', '0123456789', 'Đã hoàn thành');
INSERT INTO `Orders` (`Id`, `Username`, `CreateDate`, `Address`, `Email`, `Phone`, `Status`) VALUES (13, 'tranvanb', '2022-02-19', '22 Nguyễn Công Trứ, Quận 1, TP. HCM', 'tranvanb@gmail.com', '0123456789', 'Đã hoàn thành');
INSERT INTO `Orders` (`Id`, `Username`, `CreateDate`, `Address`, `Email`, `Phone`, `Status`) VALUES (14, 'phamthuc', '2022-02-21', '17 Trần Nhật Duật, Quận 1, TP. HCM', 'phamthuc@gmail.com', '0123456789', 'Đã hoàn thành');
INSERT INTO `Orders` (`Id`, `Username`, `CreateDate`, `Address`, `Email`, `Phone`, `Status`) VALUES (15, 'phamthuc', '2022-02-23', '3 Điện Biên Phủ, Quận 1, TP. HCM', 'phamthuc@gmail.com', '0123456789', 'Chờ xử lý');
INSERT INTO `Orders` (`Id`, `Username`, `CreateDate`, `Address`, `Email`, `Phone`, `Status`) VALUES (16, 'dangkimchi', '2022-02-25', '61 Nguyễn Cư Trinh, Quận 1, TP. HCM', 'dangkimchi@gmail.com', '0123456789', 'Đã hoàn thành');
INSERT INTO `Orders` (`Id`, `Username`, `CreateDate`, `Address`, `Email`, `Phone`, `Status`) VALUES (17, 'nguyenvana', '2022-02-27', '22 Tôn Thất Tùng, Quận 1, TP. HCM', 'nguyenvana@gmail.com', '0123456789', 'Đã hoàn thành');
INSERT INTO `Orders` (`Id`, `Username`, `CreateDate`, `Address`, `Email`, `Phone`, `Status`) VALUES (18, 'dangkimchi', '2022-02-28', '99 Trần Quang Khải, Quận 1, TP. HCM', 'dangkimchi@gmail.com', '0123456789', 'Chờ xử lý');
INSERT INTO `Orders` (`Id`, `Username`, `CreateDate`, `Address`, `Email`, `Phone`, `Status`) VALUES (19, 'lethuhien', '2022-03-01', '48 Nguyễn Thị Minh Khai, Quận 1, TP. HCM', 'lethuhien@gmail.com', '0123456789', 'Đã hoàn thành');
INSERT INTO `Orders` (`Id`, `Username`, `CreateDate`, `Address`, `Email`, `Phone`, `Status`) VALUES (20, 'lethuhien', '2022-03-02', '92 Đinh Tiên Hoàng, Quận 1, TP. HCM', 'lethuhien@gmail.com', '0123456789', 'Đã hoàn thành');

-- Data
-- Data OrderDetails
INSERT INTO `OrderDetails` (`Id`, `OrderId`, `ProductId`, `Price`, `AccessoryId`) VALUES (1, 11, 1, 200000, NULL);
INSERT INTO `OrderDetails` (`Id`, `OrderId`, `ProductId`, `Price`, `AccessoryId`) VALUES (2, 11, 2, 250000, NULL);
INSERT INTO `OrderDetails` (`Id`, `OrderId`, `ProductId`, `Price`, `AccessoryId`) VALUES (3, 11, 3, 180000, NULL);
INSERT INTO `OrderDetails` (`Id`, `OrderId`, `ProductId`, `Price`, `AccessoryId`) VALUES (4, 12, 4, 300000, NULL);
INSERT INTO `OrderDetails` (`Id`, `OrderId`, `ProductId`, `Price`, `AccessoryId`) VALUES (5, 12, 5, 350000, NULL);
INSERT INTO `OrderDetails` (`Id`, `OrderId`, `ProductId`, `Price`, `AccessoryId`) VALUES (6, 13, 6, 120000, NULL);
INSERT INTO `OrderDetails` (`Id`, `OrderId`, `ProductId`, `Price`, `AccessoryId`) VALUES (7, 13, 7, 150000, NULL);
INSERT INTO `OrderDetails` (`Id`, `OrderId`, `ProductId`, `Price`, `AccessoryId`) VALUES (8, 14, 8, 450000, NULL);
INSERT INTO `OrderDetails` (`Id`, `OrderId`, `ProductId`, `Price`, `AccessoryId`) VALUES (9, 15, 9, 280000, NULL);
INSERT INTO `OrderDetails` (`Id`, `OrderId`, `ProductId`, `Price`, `AccessoryId`) VALUES (10, 16, 10, 220000, NULL);
INSERT INTO `OrderDetails` (`Id`, `OrderId`, `ProductId`, `Price`, `AccessoryId`) VALUES (11, 1, 1, 200000, NULL);
INSERT INTO `OrderDetails` (`Id`, `OrderId`, `ProductId`, `Price`, `AccessoryId`) VALUES (12, 2, 2, 250000, NULL);
INSERT INTO `OrderDetails` (`Id`, `OrderId`, `ProductId`, `Price`, `AccessoryId`) VALUES (13, 3, 3, 180000, NULL);
INSERT INTO `OrderDetails` (`Id`, `OrderId`, `ProductId`, `Price`, `AccessoryId`) VALUES (14, 4, 4, 300000, NULL);
INSERT INTO `OrderDetails` (`Id`, `OrderId`, `ProductId`, `Price`, `AccessoryId`) VALUES (15, 5, 5, 350000, NULL);
INSERT INTO `OrderDetails` (`Id`, `OrderId`, `ProductId`, `Price`, `AccessoryId`) VALUES (16, 6, 6, 120000, NULL);
INSERT INTO `OrderDetails` (`Id`, `OrderId`, `ProductId`, `Price`, `AccessoryId`) VALUES (17, 7, 7, 150000, NULL);
INSERT INTO `OrderDetails` (`Id`, `OrderId`, `ProductId`, `Price`, `AccessoryId`) VALUES (18, 8, 8, 450000, NULL);
INSERT INTO `OrderDetails` (`Id`, `OrderId`, `ProductId`, `Price`, `AccessoryId`) VALUES (19, 9, 9, 280000, NULL);
INSERT INTO `OrderDetails` (`Id`, `OrderId`, `ProductId`, `Price`, `AccessoryId`) VALUES (20, 10, 10, 220000, NULL);
INSERT INTO `OrderDetails` (`Id`, `OrderId`, `ProductId`, `Price`, `AccessoryId`) VALUES (21, 17, 8, 450000, NULL);
INSERT INTO `OrderDetails` (`Id`, `OrderId`, `ProductId`, `Price`, `AccessoryId`) VALUES (22, 18, 9, 280000, NULL);
INSERT INTO `OrderDetails` (`Id`, `OrderId`, `ProductId`, `Price`, `AccessoryId`) VALUES (23, 19, 10, 220000, NULL);
INSERT INTO `OrderDetails` (`Id`, `OrderId`, `ProductId`, `Price`, `AccessoryId`) VALUES (24, 20, 10, 220000, NULL);

-- Data
-- Data Roles
INSERT INTO Roles (Id, Name) VALUES ('CUST', 'Người Dùng');
INSERT INTO Roles (Id, Name) VALUES ('DIRE', 'Quản Lý');
INSERT INTO Roles (Id, Name) VALUES ('STAF', 'Nhân Viên');

-- COMMENT
ALTER TABLE Accounts MODIFY COLUMN Username VARCHAR(255) COMMENT 'Mã khách hàng';
ALTER TABLE Accounts MODIFY COLUMN Password VARCHAR(255) COMMENT 'Mật khẩu đăng nhập';
ALTER TABLE Accounts MODIFY COLUMN Fullname VARCHAR(255) COMMENT 'Họ và tên';
ALTER TABLE Accounts MODIFY COLUMN Email VARCHAR(255) COMMENT 'Email';
ALTER TABLE Accounts MODIFY COLUMN Photo VARCHAR(255) COMMENT 'Hình ảnh';

ALTER TABLE Categories MODIFY COLUMN Id CHAR(4) COMMENT 'Mã loại';
ALTER TABLE Categories MODIFY COLUMN Name VARCHAR(255) COMMENT 'Tên tiếng Việt';

ALTER TABLE OrderDetails MODIFY COLUMN Id BIGINT COMMENT 'Mã chi tiết';
ALTER TABLE OrderDetails MODIFY COLUMN OrderId BIGINT COMMENT 'Mã hóa đơn';
ALTER TABLE OrderDetails MODIFY COLUMN ProductId INT COMMENT 'Mã hàng hóa';
ALTER TABLE OrderDetails MODIFY COLUMN Price DOUBLE COMMENT 'Đơn giá bán';

ALTER TABLE Orders MODIFY COLUMN Username VARCHAR(255) COMMENT 'Mã khách hàng';
ALTER TABLE Orders MODIFY COLUMN CreateDate DATE COMMENT 'Ngày đặt hàng';
ALTER TABLE Orders MODIFY COLUMN Address VARCHAR(255) COMMENT 'Địa chỉ nhận';

ALTER TABLE Products MODIFY COLUMN Name VARCHAR(255) COMMENT 'Tên hàng hóa';
ALTER TABLE Products MODIFY COLUMN Poster VARCHAR(255) COMMENT 'Hình ảnh Poster';
ALTER TABLE Products MODIFY COLUMN Thumbnail VARCHAR(255) COMMENT 'Hình ảnh Thumbnail';
ALTER TABLE Products MODIFY COLUMN Price DOUBLE COMMENT 'Đơn giá';
ALTER TABLE Products MODIFY COLUMN CreateDate DATE COMMENT 'Ngày sản xuất';
ALTER TABLE Products MODIFY COLUMN Available TINYINT COMMENT 'Đang kinh doanh ?';
ALTER TABLE Products MODIFY COLUMN CategoryId CHAR(4) COMMENT 'Mã loại, FK';

ALTER TABLE Accounts MODIFY COLUMN Photo VARCHAR(255) DEFAULT 'Photo.gif';
ALTER TABLE OrderDetails MODIFY COLUMN Price DOUBLE DEFAULT 0;
ALTER TABLE Orders MODIFY COLUMN CreateDate DATE DEFAULT (CURRENT_DATE);
ALTER TABLE Products MODIFY COLUMN Poster VARCHAR(255) DEFAULT 'Poster.jpg';
ALTER TABLE Products MODIFY COLUMN Thumbnail VARCHAR(255) DEFAULT 'Thumbnail.jpg';
ALTER TABLE Products MODIFY COLUMN Price DOUBLE DEFAULT 0;
ALTER TABLE Products MODIFY COLUMN CreateDate DATE DEFAULT (CURRENT_DATE);
ALTER TABLE Products MODIFY COLUMN Available TINYINT DEFAULT 1;